{
  "experiment": "v10",
  "timestamp": "2026-04-17T10:48:20.514383",
  "v9_baseline": {
    "val_acc": 0.5733,
    "val_auc": 0.5884,
    "val_brier": 0.2422,
    "live_2026_acc": 0.5866,
    "live_2026_auc": 0.6135,
    "description": "XGBoost_Optuna from V9 experiment (2025 val set)"
  },
  "phase1_ablation": [
    {
      "label": "V9_baseline (rerun on V10 data)",
      "accuracy": 0.5460905349794238,
      "auc": 0.559150380542224,
      "brier": 0.24931645393371582,
      "conf_acc_55": 0.56524506683641,
      "conf_cov_55": 0.6465020576131687,
      "conf_acc_56": 0.5727626459143969,
      "conf_cov_56": 0.5288065843621399,
      "conf_acc_60": 0.5862068965517241,
      "conf_cov_60": 0.38189300411522636,
      "conf_acc_62": 0.6035911602209945,
      "conf_cov_62": 0.2979423868312757,
      "conf_acc_64": 0.6089193825042881,
      "conf_cov_64": 0.23991769547325104,
      "conf_acc_65": 0.6129666011787819,
      "conf_cov_65": 0.2094650205761317,
      "conf_acc_67": 0.6275510204081632,
      "conf_cov_67": 0.16131687242798354
    },
    {
      "label": "V9 + sp_quality",
      "accuracy": 0.557201646090535,
      "auc": 0.5807743776652116,
      "brier": 0.24634359776973724,
      "conf_acc_55": 0.5824372759856631,
      "conf_cov_55": 0.6888888888888889,
      "conf_acc_56": 0.5958853783982366,
      "conf_cov_56": 0.560082304526749,
      "conf_acc_60": 0.6065737051792829,
      "conf_cov_60": 0.41316872427983536,
      "conf_acc_62": 0.6176100628930817,
      "conf_cov_62": 0.3271604938271605,
      "conf_acc_64": 0.6347962382445141,
      "conf_cov_64": 0.2625514403292181,
      "conf_acc_65": 0.6302816901408451,
      "conf_cov_65": 0.2337448559670782,
      "conf_acc_67": 0.6337719298245614,
      "conf_cov_67": 0.18765432098765433,
      "delta_acc": 0.011111111111111183
    },
    {
      "label": "V9 + park_factors",
      "accuracy": 0.5518518518518518,
      "auc": 0.5582410780880969,
      "brier": 0.2500244677066803,
      "conf_acc_55": 0.5665399239543726,
      "conf_cov_55": 0.6493827160493827,
      "conf_acc_56": 0.5730593607305936,
      "conf_cov_56": 0.5407407407407407,
      "conf_acc_60": 0.5762886597938144,
      "conf_cov_60": 0.3991769547325103,
      "conf_acc_62": 0.5854922279792746,
      "conf_cov_62": 0.3176954732510288,
      "conf_acc_64": 0.608346709470305,
      "conf_cov_64": 0.25637860082304526,
      "conf_acc_65": 0.6044776119402985,
      "conf_cov_65": 0.2205761316872428,
      "conf_acc_67": 0.612590799031477,
      "conf_cov_67": 0.1699588477366255,
      "delta_acc": 0.0057613168724279795
    },
    {
      "label": "V9 + rest_travel",
      "accuracy": 0.5526748971193416,
      "auc": 0.5688985122924726,
      "brier": 0.24746571481227875,
      "conf_acc_55": 0.57875,
      "conf_cov_55": 0.6584362139917695,
      "conf_acc_56": 0.5865533230293664,
      "conf_cov_56": 0.5325102880658437,
      "conf_acc_60": 0.6043010752688172,
      "conf_cov_60": 0.38271604938271603,
      "conf_acc_62": 0.6133333333333333,
      "conf_cov_62": 0.30864197530864196,
      "conf_acc_64": 0.6247933884297521,
      "conf_cov_64": 0.24897119341563786,
      "conf_acc_65": 0.6324626865671642,
      "conf_cov_65": 0.2205761316872428,
      "conf_acc_67": 0.6381418092909535,
      "conf_cov_67": 0.1683127572016461,
      "delta_acc": 0.006584362139917754
    },
    {
      "label": "V9 + series_context",
      "accuracy": 0.5518518518518518,
      "auc": 0.565019049289311,
      "brier": 0.2486933469772339,
      "conf_acc_55": 0.5744814582023884,
      "conf_cov_55": 0.6547325102880659,
      "conf_acc_56": 0.5885057471264368,
      "conf_cov_56": 0.5370370370370371,
      "conf_acc_60": 0.6084710743801653,
      "conf_cov_60": 0.3983539094650206,
      "conf_acc_62": 0.6018518518518519,
      "conf_cov_62": 0.3111111111111111,
      "conf_acc_64": 0.6098360655737705,
      "conf_cov_64": 0.25102880658436216,
      "conf_acc_65": 0.6076190476190476,
      "conf_cov_65": 0.21604938271604937,
      "conf_acc_67": 0.6091127098321343,
      "conf_cov_67": 0.17160493827160495,
      "delta_acc": 0.0057613168724279795
    },
    {
      "label": "V10_full (all groups)",
      "accuracy": 0.562962962962963,
      "auc": 0.5860855228813253,
      "brier": 0.24511532485485077,
      "conf_acc_55": 0.5875227135069655,
      "conf_cov_55": 0.6794238683127573,
      "conf_acc_56": 0.5978260869565217,
      "conf_cov_56": 0.5679012345679012,
      "conf_acc_60": 0.6116600790513834,
      "conf_cov_60": 0.41646090534979424,
      "conf_acc_62": 0.6354799513973268,
      "conf_cov_62": 0.33868312757201646,
      "conf_acc_64": 0.6454005934718101,
      "conf_cov_64": 0.2773662551440329,
      "conf_acc_65": 0.6468590831918506,
      "conf_cov_65": 0.24238683127572017,
      "conf_acc_67": 0.6454352441613588,
      "conf_cov_67": 0.19382716049382717,
      "delta_acc": 0.016872427983539162
    }
  ],
  "phase2_v9_vs_v10": [
    {
      "label": "V9_features_XGB_Optuna",
      "accuracy": 0.5584362139917696,
      "auc": 0.5739175888779173,
      "brier": 0.2454611212015152,
      "conf_acc_55": 0.5750174459176552,
      "conf_cov_55": 0.5897119341563786,
      "conf_acc_56": 0.5971606033717834,
      "conf_cov_56": 0.4637860082304527,
      "conf_acc_60": 0.6319895968790638,
      "conf_cov_60": 0.31646090534979426,
      "conf_acc_62": 0.6351575456053068,
      "conf_cov_62": 0.24814814814814815,
      "conf_acc_64": 0.6247240618101545,
      "conf_cov_64": 0.18641975308641975,
      "conf_acc_65": 0.6272493573264781,
      "conf_cov_65": 0.16008230452674896,
      "conf_acc_67": 0.6327272727272727,
      "conf_cov_67": 0.11316872427983539,
      "best_params": {
        "n_estimators": 266,
        "max_depth": 6,
        "learning_rate": 0.02087530003914268,
        "subsample": 0.6929091370435254,
        "colsample_bytree": 0.6560350191025639,
        "min_child_weight": 7,
        "reg_alpha": 0.0005427620577780433,
        "reg_lambda": 7.752201355060535
      },
      "n_features": 111
    },
    {
      "label": "V10_features_XGB_Optuna",
      "accuracy": 0.5769547325102881,
      "auc": 0.5998366326397613,
      "brier": 0.24103420972824097,
      "conf_acc_55": 0.603448275862069,
      "conf_cov_55": 0.6205761316872428,
      "conf_acc_56": 0.6188118811881188,
      "conf_cov_56": 0.49876543209876545,
      "conf_acc_60": 0.6514575411913816,
      "conf_cov_60": 0.32469135802469135,
      "conf_acc_62": 0.6601307189542484,
      "conf_cov_62": 0.2518518518518518,
      "conf_acc_64": 0.6755555555555556,
      "conf_cov_64": 0.18518518518518517,
      "conf_acc_65": 0.6700507614213198,
      "conf_cov_65": 0.16213991769547326,
      "conf_acc_67": 0.6996466431095406,
      "conf_cov_67": 0.11646090534979424,
      "best_params": {
        "n_estimators": 208,
        "max_depth": 3,
        "learning_rate": 0.03509888615541515,
        "subsample": 0.6092077770275786,
        "colsample_bytree": 0.998752529475758,
        "min_child_weight": 11,
        "reg_alpha": 4.922645094499493,
        "reg_lambda": 0.00021248083350924684
      },
      "n_features": 139,
      "delta_vs_v9": 0.01851851851851849
    }
  ],
  "phase3_wf_cv": [
    {
      "label": "V9_WF-CV",
      "wf_cv_mean": 0.5562880658436213,
      "wf_cv_std": 0.018086565353796234
    },
    {
      "label": "V10_WF-CV",
      "wf_cv_mean": 0.5762057613168724,
      "wf_cv_std": 0.01092768579907172
    }
  ],
  "phase4_confidence_curve": {
    "V9": [
      {
        "threshold": 0.5,
        "accuracy": 0.5460905349794238,
        "coverage": 1.0
      },
      {
        "threshold": 0.52,
        "accuracy": 0.5532219570405728,
        "coverage": 0.8621399176954733
      },
      {
        "threshold": 0.54,
        "accuracy": 0.5646651270207852,
        "coverage": 0.7127572016460906
      },
      {
        "threshold": 0.55,
        "accuracy": 0.56524506683641,
        "coverage": 0.6465020576131687
      },
      {
        "threshold": 0.56,